0,1,2,3,4,5,6,7,8,9
-7749.642379220648,-8122.101390123849,-8529.705430257616,-8890.183419753837,-8770.120415879288,-8899.265766992028,-8410.673137377695,-8793.795998277068,-8730.00330180933,-8558.647153539096
-7051.058867567489,-7260.601566854261,-7412.1442145836245,-7547.892466657174,-7691.636491003659,-7705.385719353124,-7398.626107555228,-7542.506691402671,-7443.421473521111,-7414.991751792804
-8238.291217484251,-8436.556353101903,-8497.044944537087,-8710.125580738339,-8598.627128588803,-8568.048857531016,-8645.649276016444,-8821.9768563445,-8616.368649438187,-8577.943921649376
-6489.032977408958,-6768.4124712480625,-6798.859222488527,-7121.497024671061,-7107.899311198204,-7127.369164649729,-6894.341787635015,-7113.9443769844565,-7219.180674535802,-6974.416168648841
-5021.995555931585,-5112.959386584087,-5507.980880698584,-5707.2878026011595,-6120.8903304507,-5757.449461242867,-5465.661158576002,-5750.106412258985,-5709.582457383597,-5768.470448753104
-8515.588306495622,-8761.358844979472,-9252.10243957018,-9640.232932203398,-10045.17437771813,-9640.270224582207,-9284.908115732158,-9597.275950753681,-9545.846609388656,-9736.599960046953
-5812.06200596061,-6086.730491046011,-6526.2049610737,-6756.023661923536,-6735.078998921204,-6691.730377320475,-6434.980753883661,-6767.6554793090345,-6481.885177609956,-6462.577636877933
-6042.227923362625,-6300.879581433616,-6750.769993462538,-7060.686184351777,-7072.360340134025,-7170.263984323735,-6673.397645274666,-6941.841164498733,-6892.605208710802,-6821.205738001466
-9648.297494008848,-9955.464587097546,-10423.204087083677,-10766.436722455039,-10577.045976419782,-10621.843072989199,-10541.101681066533,-10971.169870847241,-10691.682629378782,-10711.697962659242
-6085.260912646945,-6452.7901777148045,-6459.388481205431,-6718.391141139907,-6748.3660167762855,-6703.480857124956,-6435.6017238533905,-6794.597764099632,-6672.229425611751,-6767.714764256266
-8646.00353139083,-8829.04341765869,-9430.735671481827,-9724.134280699183,-9667.623585887866,-9607.227206125981,-9521.60763908057,-9822.567965582897,-9565.329168439619,-9720.791092136456
-8137.392611957904,-8418.335794147473,-8670.160514433077,-8886.236963129693,-8981.767334424123,-8896.909751986976,-8687.109492311925,-8940.550103474527,-8867.591671173559,-8673.259295454218
-9747.325194624795,-10055.540736688834,-10173.678183140753,-10385.077781789258,-10317.94184968659,-10157.165259939593,-10205.446291633843,-10498.501789236532,-10256.363620265183,-10159.935111967632
-7589.4400932566305,-7875.64389554205,-8471.099179980705,-8661.2724775383,-8899.75935365838,-8607.464118445703,-8370.617911833988,-8610.854873801614,-8645.07978987794,-8634.106088075383
-7208.285778481192,-7437.84534597832,-7789.008266146765,-8066.11879107643,-7841.608803694715,-7803.614909404329,-7669.818300898697,-7930.752964324192,-7842.324529633626,-7738.070122176992
-6176.701601514089,-6727.995020092164,-6794.921751320424,-7174.725570722923,-7253.8167405993,-7111.906761929578,-6781.805674911822,-7069.332449030097,-6968.600006477456,-7072.358491762146
-8637.116087027804,-8951.510059977494,-9108.795958468118,-9149.884925204378,-9257.346703140056,-9128.30335504472,-9134.361892988327,-9314.678813960438,-9070.713381354546,-9071.607710659222
-7750.330391891519,-7981.970817819293,-8127.374851904116,-8209.494407054903,-8295.742923774193,-8235.263263871726,-8154.030415340239,-8263.164389464073,-8151.379334797316,-8066.62521167314
-9308.615207455057,-9417.067594499878,-10103.802739635084,-10315.28710748106,-10233.091391218602,-10103.298204442515,-10185.759224607957,-10445.795201310153,-10154.846856949707,-10223.5663142855
-7587.475343311233,-7660.550801571943,-8264.577910676619,-8468.898398811942,-8593.390530115235,-8500.648369993805,-8195.52812257996,-8476.751229907095,-8399.617667683018,-8393.68791732731
-6226.894559749886,-6486.255529748743,-6636.766474122696,-6877.203496585337,-7176.386639859556,-7080.320283792038,-6631.7404813083285,-6892.681770246303,-6879.5479215823525,-6946.6201790835075
-7207.132174451217,-7586.603711622164,-7905.2177412538485,-8361.359383853123,-8599.137098023686,-8364.898199813164,-7902.276066511409,-8281.627467509794,-8044.981179578386,-8181.597683652982
-6200.416480775701,-6628.078621585755,-6953.329955881839,-7233.584623492329,-7191.278429297178,-7152.518628625439,-6909.762537885104,-7165.944100142234,-6928.043798927267,-6923.017242066888
-6987.324661246468,-7277.089504935487,-7400.126351140415,-7614.7809109908385,-8010.758219213069,-7985.368129860492,-7465.7987948966365,-7460.383055622467,-7636.937077183857,-7471.036963020848
-5378.965468167473,-5723.974821789347,-5768.634409752675,-6117.980945696492,-6437.394771922814,-6038.755803032422,-5832.8929969217415,-6073.4146925927635,-6146.6778099996955,-6124.354140297342
-8182.330135635787,-8378.818553885221,-9065.065274021492,-9316.46752559949,-9301.96874153913,-9181.708545095755,-9077.449944207401,-9284.609460952346,-9093.090379618128,-9123.460446556193
-4500.187119910002,-4680.2738941511025,-4991.800191285429,-5172.861760247466,-5493.764966570622,-5284.082352481005,-4930.646225058016,-5125.972900704211,-5104.617184010387,-5146.16300840923
-8193.325451044437,-8394.925226585003,-8929.302367136686,-9242.023704874728,-9159.72613548539,-9005.780197587173,-8947.909967749343,-9256.91374924089,-8980.719437032902,-9013.607880715359
-6391.609378628875,-6730.92320888261,-6868.301564382674,-7159.094451899051,-7243.527936900726,-7243.727269152465,-6874.451340075097,-7227.069097889122,-7074.609195874213,-7166.962251005136
-9220.31756214591,-9313.327395441936,-9650.512832271772,-9754.118881029495,-9832.497960780342,-9727.57063223692,-9710.712928903473,-9814.041103255762,-9544.154728900861,-9617.50060929055
-12452.128651225024,-12659.539780748097,-13407.731660575435,-13658.703453103433,-13630.608385730447,-13574.744668277073,-13614.802967616877,-13866.76667601977,-13596.920328460228,-13547.131835534105
-4882.675103994924,-5172.5315024141855,-5413.238064253461,-5656.497013556103,-6061.860131718407,-5800.900100389842,-5395.689062842405,-5689.172880070122,-5613.44847260575,-5638.132414982164
-7687.817014857855,-8240.857953589977,-8519.996151155778,-8819.18240033578,-9045.261513375655,-8884.006563172608,-8577.863449784698,-8823.766165313702,-8628.865116933288,-8609.73012071721
-8067.8426602577565,-8016.455509558414,-8862.464515206115,-8892.691702725911,-9349.998310436946,-9147.471114158057,-8729.62313191008,-8710.865864838497,-8754.419475096955,-8694.358838781422
-5487.525290075324,-5349.76140608875,-5995.019296686165,-5952.433733641658,-6203.521841307919,-5939.400484689506,-5857.020871455467,-5855.710511555308,-5773.533607494458,-5862.591335140469
-4982.388711124301,-4946.133270001717,-5375.050354640778,-5295.230468816663,-5683.972000165554,-5429.427516282955,-5309.066689077764,-5281.125900354562,-5377.63596184324,-5413.371264072648
-4662.083827886752,-4578.390832988716,-5147.373552553551,-5034.013683755861,-5433.392726070242,-5118.419044600519,-5052.516573863221,-4980.531486905197,-4993.347969343337,-5072.398708994157
-4896.878535402638,-4809.451915837476,-5379.151755580127,-5375.029812509469,-5748.228471434666,-5450.1272972601355,-5295.506618792976,-5363.739779428793,-5304.86365480142,-5460.416045684836
-8339.860423903532,-7664.868420716981,-8995.778695085306,-8905.111455138316,-9283.35568367234,-9230.23238578877,-8864.205990634702,-8823.731442148395,-8859.578114600696,-8966.696004599917
-6606.795855102195,-6414.422544828003,-7129.349535559142,-7092.695312109501,-7350.291172868778,-7152.889108519916,-7091.375060449286,-7177.483187306154,-6975.323261065256,-7030.5213036354435
-4725.151761570255,-4649.550865456622,-5158.760711716263,-5127.60877957995,-5590.822628678864,-5359.199985716493,-5106.6851096947685,-5151.451436088913,-5100.90693964368,-5225.558488030063
-9729.556646247047,-9590.919415064061,-10363.432219172877,-10355.65378239899,-10407.123313044325,-10374.455283230738,-10402.541405643644,-10528.424963079291,-10459.819955865823,-10380.13197611799
-6113.083518856508,-5826.397143406139,-6120.445513056323,-5971.2775532536125,-6125.536543043908,-6165.532924933619,-6218.02626363357,-6104.329352538614,-6194.634616685766,-6218.257724504839
-8349.915206672162,-8236.639942037502,-9029.043788118704,-9120.056808082416,-9313.673875840399,-9092.686337238443,-9086.934293323773,-9175.920952035704,-9106.637348163476,-9083.395555027197
-7110.781250916159,-6743.043194190989,-7622.877362512047,-7638.59123062437,-7784.851388207071,-7645.847368398945,-7568.372455637963,-7525.820362726402,-7336.024197588531,-7393.363529395869
-7918.788013553482,-7780.463044661305,-8410.589459873729,-8356.892956671967,-8587.541204386538,-8456.470296276824,-8397.970690002525,-8443.390763224303,-8340.316782756718,-8353.228865556135
-9093.372955349329,-8647.856968213495,-9802.9122025727,-9791.286387352258,-10380.137752624254,-10043.834277268155,-9677.581906125411,-9729.414790396891,-9725.515902057796,-9865.81745917312
-7777.806637202747,-7600.977891713472,-7884.788453497405,-7805.9145015205395,-7992.605170897416,-7958.699080337257,-7934.502974813007,-7985.635959238734,-7860.70302562026,-7883.402397528333
-6765.81276119395,-6742.6436314004,-6924.055274144118,-7110.859309432636,-7274.698563180599,-6943.877635938427,-6960.121401369797,-7001.395909166509,-7155.367529116003,-7070.494941206839
-8574.179392615364,-8378.901601091948,-9041.38671138969,-8954.114341545166,-9373.607833180231,-9036.202603513018,-9078.485084900212,-9079.331393617373,-8956.773191824774,-8995.987322830602
-8440.308091388775,-8291.564629980538,-8610.877855065848,-8642.703752346784,-8709.367418750244,-8691.698391970107,-8826.568263444846,-8661.027945399586,-8588.825113478457,-8619.325449627064
-8523.949771994723,-8370.477390803922,-8710.479874297942,-8706.087624396563,-8723.37687156751,-8665.03875435829,-8785.488963627966,-8829.256641245554,-8717.599924161183,-8702.61639150971
-7925.923943462409,-7445.353222012478,-8484.67017182384,-8434.342709098448,-8644.579270781878,-8614.977915524303,-8397.591721713901,-8342.412441077196,-8228.684409622243,-8354.961946240326
-8568.266810020023,-8287.187705878854,-8766.50595327836,-8618.35016748077,-8744.998463241353,-8659.088190823128,-8850.056566693664,-8762.19690795327,-8698.059377257443,-8798.116268432053
-6823.9256159099305,-6540.581418203016,-7555.704155991511,-7531.780096990335,-7867.0936771492725,-7704.48562158021,-7402.750979249406,-7370.0306274719605,-7350.102436861874,-7425.462111898388
-7318.471597153953,-7234.653271641939,-7885.652276052495,-7921.344172950797,-8419.400166106552,-8038.441343800606,-7790.337293493484,-7674.2015552336325,-7790.149561864757,-7767.842706960485
-5598.499399274786,-5703.500015291035,-6039.510378547849,-6144.158824460535,-6478.255971985682,-6322.074221250832,-6076.92808665117,-6052.773267069988,-6076.892503884071,-6069.69879920261
-5376.492110822458,-5253.087299815662,-5871.1755760894675,-5769.044386303472,-6169.312636960827,-5845.7309491553715,-5776.558679485161,-5734.399015246969,-5801.510809269579,-5844.259536271779
-9198.28933078254,-9103.107176755922,-10086.27239253242,-10086.655650966057,-10158.109189217961,-10032.947320325673,-10113.747058334122,-10198.375409598411,-10039.150764213957,-10106.097011644313
-4973.381260690587,-4934.20628431926,-5376.212114964463,-5404.183698360757,-5748.607853442007,-5584.595756080512,-5328.368114600165,-5455.239756408394,-5369.985090144568,-5505.004360593231
-9644.843626608903,-9499.129628809655,-9883.016272111718,-9764.617882842109,-9906.393567527826,-9742.2862200635,-9919.549119637473,-9910.710158967879,-9874.87361685075,-9979.811670710587
-6269.279918955382,-6101.386621082663,-6347.638187453125,-6347.656447704877,-6527.746294919934,-6429.4789655449795,-6379.425302787758,-6391.644835476507,-6352.832123224232,-6503.942229603781
-7840.362086540146,-7683.168450683848,-8375.890616403423,-8400.693298044627,-8611.338667628635,-8488.733827823657,-8394.862782344664,-8440.426939585119,-8321.443758769987,-8324.224899321269
-10141.83109356162,-10016.569208066603,-10799.69686016655,-10801.558653896167,-10983.383316272435,-10819.20171110454,-10940.970323010253,-11021.208488465774,-10767.792351347885,-10804.62815856629
-7271.7910941885075,-7178.169929164563,-7724.738717439148,-7772.9380772954,-7883.474105574967,-7745.689473789393,-7761.768085602066,-7738.379457656839,-7644.697184541644,-7733.496506251359
-5902.413739053823,-5962.550101812723,-6415.768054857611,-6332.059828632804,-6772.077749082141,-6529.317597509714,-6433.237691275565,-6311.123892716273,-6341.166685938285,-6445.961509600423
-7091.971811868914,-6970.001061576785,-7790.438832287931,-7792.525002052098,-8054.496187863748,-7789.4329514186575,-7726.442160382274,-7753.507225749861,-7660.005705019276,-7643.566551297954
-8837.155269614468,-9055.854760803355,-8279.232057093384,-8687.04544028188,-9146.462275700796,-9288.245391044959,-8709.17380373249,-9131.588794118437,-8909.804000218975,-8818.722109594037
-5580.23510486331,-5671.663132530788,-4961.599412333892,-5242.43799369593,-5760.953510914111,-5738.263515433916,-5221.675631648636,-5504.356205092926,-5344.405737873425,-5436.3250299962365
-5385.016820306653,-5749.0360285117295,-4900.60193007992,-5127.136910327102,-5723.405430251989,-5694.2254656243285,-5260.418897511151,-5679.28157953097,-5288.398896970377,-5385.696626224651
-5812.699381054388,-6210.085799367858,-5352.856435667933,-5599.823016143618,-6301.670626802013,-6107.662410678696,-5764.5423164795075,-6111.528791368591,-5787.60745846885,-5859.894295805119
-4920.8601378553585,-5210.791618247283,-4470.055092010294,-4720.736679590814,-5264.032381180729,-5339.956728149504,-4777.411228709753,-5180.8137717870295,-4872.034104720532,-4974.424988348772
-10157.602087050564,-10325.107939901705,-9190.762495266643,-9828.715676399968,-10677.413204376517,-10705.390388881888,-9857.73351177149,-10413.690682067094,-9973.194262572006,-9967.273894327851
-5789.567877581143,-5944.5968468314295,-5212.0196011031185,-5495.393544162557,-5815.871702308503,-5790.46799162436,-5550.466865609545,-5728.255601009717,-5443.738915273572,-5460.797589330063
-5951.33909209344,-6259.329074429718,-5404.087154923568,-5732.507485546232,-6492.772435877866,-6425.557838444905,-5847.436674607144,-6272.699808692831,-5870.582285786251,-6007.0787812542985
-11889.922694044459,-12037.353332172595,-11290.441170425904,-11510.3171536355,-12050.297812514378,-11930.255799207445,-11887.991361871838,-12063.915923446842,-11685.180376563469,-11701.31665033405
-6235.13706149383,-6328.987539402943,-5760.911979987684,-6130.632071486581,-6294.666799777464,-6252.046666096203,-5991.167844760897,-6329.11460078199,-6135.255786469354,-6187.95697693264
-9659.687374697338,-9831.364798400382,-9073.986321463213,-9246.170593760698,-9730.498516850028,-9853.837057694303,-9546.490724777406,-9831.919972482912,-9389.597696823845,-9582.201907023058
-7383.777367580346,-7465.2533766302895,-6797.461188300543,-7096.391824087944,-7536.0862096117025,-7555.295394325509,-7098.733392182567,-7450.210503900269,-7172.894776123458,-7117.534135946672
-7583.968629684418,-7587.949552052174,-6934.40428069656,-7128.358096031784,-7488.559739400785,-7505.922107984981,-7085.1331363898735,-7388.817343483742,-7171.638898178932,-7226.052748485209
-8458.990016833714,-8728.330602978975,-7527.9145456628785,-8088.688022765382,-8900.952786106298,-8844.219135639996,-8116.902843328869,-8663.517578426576,-8314.097924359918,-8301.238003225846
-9040.660152403594,-9124.505969941276,-8440.563754131268,-8678.474902462423,-8972.866088047316,-8947.062028193797,-8832.72944089305,-9010.193765316222,-8773.411939951266,-8726.808176526732
-6940.101298845435,-6972.812447445292,-6451.8923498529375,-6723.419822660575,-7118.158371106593,-6820.184710062795,-6835.246856852748,-6938.112033497993,-6746.024690664768,-6727.02211032639
-9264.401431035245,-9189.716545774996,-8426.990061459088,-8676.99859505454,-9201.444562103054,-9228.666428859071,-8756.43442999363,-9190.155057249189,-8745.079671076504,-8887.400782066577
-8069.7125862498715,-8076.013114458864,-7427.305452305794,-7659.766906124839,-7789.030782500469,-7846.79000307832,-7746.732582213988,-7932.253539964859,-7648.115833730361,-7660.811531608822
-9086.691805537212,-9203.345380332494,-8362.879563426395,-8666.442131339212,-9073.351407456461,-9158.65843062377,-8949.699940835995,-9270.171166989168,-8845.486875145158,-8878.329146159163
-8923.534919830663,-9093.6510216975,-8232.98856018456,-8586.319264059486,-9286.866816079602,-9370.93318946177,-8713.584058349177,-9165.95588232254,-8824.316113559953,-8834.972287878205
-9391.187813448145,-9285.56711829035,-8647.751885644924,-8826.035707301164,-9263.90214239557,-9153.7273205215,-9095.540943540766,-9341.45962110256,-8840.50754396944,-8978.271884248452
-7024.299372989411,-7260.194439548614,-6466.292560669091,-6869.162135105713,-7174.263401427976,-7215.172299143805,-6832.017841165888,-7300.5186824388065,-7080.366322046272,-7040.262104732527
-6043.549612616238,-6092.374531745574,-5500.518864560286,-5865.56471666002,-6089.826772808648,-6147.95538238055,-5676.552451015637,-5921.858423346183,-5584.490346252127,-5633.153708881262
-6084.668702140152,-6432.760022348226,-5709.962702547197,-5979.208542930216,-6381.017630203619,-6530.5803411182505,-6114.370931756364,-6311.801849807933,-6146.260953374629,-6022.415270900669
-6228.733083583131,-6578.398220302705,-5805.844358594661,-5991.3795080822765,-6587.576437425865,-6485.759687599939,-6101.517261729025,-6533.9019819599225,-6263.231957567815,-6229.0756343639605
-8578.967558650398,-8723.7728027038,-7924.516352235206,-8055.784257546034,-8547.999905745633,-8692.66352323976,-8368.151394858563,-8735.80070289557,-8254.160376032423,-8460.511885320942
-5747.667413461805,-6147.203891070465,-5313.407134341367,-5594.279320804936,-6274.682003184453,-6353.783168879086,-5800.190061297536,-6121.270890256629,-5759.662589773249,-5794.5354363570505
-10597.740327009416,-10693.732611089263,-10172.262816647182,-10584.518098105209,-10959.428987592135,-10775.354022161478,-10586.706817178441,-10891.106368387304,-10542.648596203368,-10600.268353047415
-6576.313848695307,-6485.640562681423,-6101.608600232884,-6315.29010643729,-6608.0075623595885,-6560.369566445177,-6389.281084694695,-6580.831495264973,-6449.326999658425,-6497.268969321743
-7666.344238052132,-7575.699340017656,-7007.6735504930775,-7335.357403744988,-7569.5638702651095,-7585.435622232016,-7100.651094212039,-7506.313908609984,-7209.148339679552,-7405.617076656307
-10233.971336373623,-10318.913076260384,-9648.187890829402,-9729.931014389562,-10420.922216634523,-10386.09774289105,-10140.597292502338,-10423.496016435474,-9981.032424319079,-10145.843039484193
-9427.250929481133,-9265.825156696363,-8783.527654441272,-9071.802760686342,-9339.17412097549,-9417.325614165988,-9093.325613965786,-9426.065194872011,-9121.03544856388,-9027.734018999037
-5458.506840957727,-5905.986849358741,-4987.807021036886,-5302.999951343586,-5924.724452524959,-5809.9603006230645,-5346.667895002422,-5812.505165358213,-5432.2714207649005,-5500.48885272075
-6239.357624439177,-6297.54447504833,-5567.45392448914,-5958.029051462313,-6176.806639699636,-6225.314174258664,-5960.5486486439595,-6188.404488500804,-5973.3177162164875,-5994.508236117284
-6507.58465008864,-6379.042791300991,-6015.093339173099,-5837.255232405909,-6733.292230177857,-6738.780547261356,-6348.812469759164,-6348.7873699238735,-6120.750219936212,-6209.952485914611
-5608.4803402842035,-5481.116815392995,-5063.256234091367,-4890.453638410717,-5288.938343019428,-5292.033525424053,-5240.389153031358,-5212.383014411019,-5128.414901476809,-5147.8744009178035
-10217.246988002278,-10047.917737524946,-9611.169107471243,-9418.050780007648,-10222.430600525495,-10165.006606504749,-9960.860191973687,-10051.989425997856,-9712.289097961764,-9939.20278010203
-4967.529100498657,-5065.19793727159,-4510.01860688396,-4453.292240516454,-5271.779745245011,-5331.996442445839,-4754.832712726708,-4946.280741452912,-4665.715477108705,-4887.531825294459
-5138.067905039712,-5143.084024336934,-4698.7112169336215,-4659.588763689812,-5425.412627522187,-5354.093471108408,-5011.222301033615,-5087.293040710889,-4868.855503401105,-5030.438411884666
-9700.16739841369,-9566.015078551101,-8858.250815301635,-8574.047417767173,-9656.633849005137,-9647.747888140475,-9283.032683758938,-9309.540957430288,-9142.59576821195,-9142.334007190419
-7648.629799794367,-7470.594737105772,-6955.669478135617,-6754.12002900134,-7895.798572163823,-7470.086556106706,-7462.243418829489,-7258.358804991441,-7109.324711369339,-7234.494655403154
-6152.694765834856,-6175.435383908371,-5692.628532839341,-5631.973716513573,-6315.586880717872,-6420.561030056831,-5973.897477212403,-6095.830925958348,-5902.3360775075425,-5900.147664036189
-11800.909633684358,-11818.68298987568,-11165.822192598702,-11048.057876038823,-11905.297699960269,-11665.870898764215,-11762.232541650166,-11925.558044254707,-11383.658871302729,-11539.35567696917
-6440.049125067118,-6209.211212560538,-6076.247851174627,-5686.957429297129,-6285.977429393149,-6386.378409862712,-6309.184855442883,-6026.527411544904,-5987.395698792835,-6121.977542196845
-9615.382880032197,-9398.651233130131,-9003.356115114086,-8675.880600099626,-9766.592037197453,-9436.968971196897,-9361.092101399017,-9349.264744783262,-9030.98489129694,-9241.891033027496
-7838.063631931293,-7628.516642944715,-7058.121694065881,-6987.2749326082585,-7694.956157602225,-7656.3130646682,-7381.641161111406,-7289.689044704945,-7283.285866868345,-7302.454082948189
-10276.745442154664,-10038.306051178477,-9523.37350278104,-9194.488746561268,-10049.34055487659,-10182.758933207415,-9941.36265805712,-9840.31444377082,-9569.862011475592,-9929.56426886836
-8606.955919667878,-8378.68662621826,-7672.172285773755,-7445.774358845432,-8439.857982470463,-8473.762501237181,-8038.789999552495,-7999.232584756235,-7922.702278163568,-7947.775583651952
-7476.767882279435,-7209.456728522021,-6988.653031007764,-6707.239748124023,-7478.841090666189,-7294.112705906435,-7158.262215574378,-7177.802914933774,-6998.247904075048,-7175.8933112774475
-7210.257343682017,-7093.343785015059,-6642.932628928015,-6573.411244603858,-7486.410238516182,-7080.404674782485,-6926.192263343295,-6823.905302157281,-6780.002147835234,-6976.280964806877
-9873.91743157958,-9562.87980928823,-9260.922187163003,-8981.598908026617,-9717.79819275615,-9641.261867153387,-9688.96861841528,-9460.794241549747,-9196.944176022227,-9413.66321116066
-8931.692828909621,-8588.561867827635,-8200.224287265772,-7933.415948773888,-8682.00680972127,-8520.419721335042,-8591.864445672336,-8358.685651179378,-8179.134555702286,-8333.910866668886
-9996.039397026962,-9940.603777673638,-9321.64792439365,-9000.614628817268,-9931.321738146202,-9845.771196505872,-9773.12688505306,-9761.73305447859,-9440.684344765985,-9593.553362484541
-9438.873092124362,-9178.063351880119,-8516.75907326845,-8279.556428168577,-9610.424183661326,-9277.585426075735,-8911.344050804935,-8744.170401678559,-8790.345736509511,-8861.583887239836
-6686.95079007954,-6671.506070793359,-6285.801457921904,-6217.9079003488,-6945.157357829437,-6844.107549832153,-6681.2193106026325,-6733.256010460106,-6558.560653980337,-6542.933522227223
-6883.281264915352,-6757.323064867418,-6353.922966891587,-6170.608082850702,-6918.566261633207,-6912.386210122831,-6672.180102865143,-6648.462202417451,-6518.506975411638,-6572.81693702294
-6443.718714527088,-6411.9573124761955,-5905.418405838119,-6028.164596797353,-6547.62589691827,-6420.713158241915,-6246.859280986936,-6403.076850600762,-6123.138552713193,-6210.562565685572
-6634.811596758257,-6866.745122737836,-6347.092612410025,-6442.861718896119,-7006.591900797338,-7012.71570828496,-6675.058362590306,-6749.153214269423,-6576.231026889893,-6524.075773626321
-5642.655989951102,-5769.358988965678,-5189.300584710831,-5025.1626504306205,-5771.175672461822,-5693.433823499635,-5495.956639892108,-5515.557146505213,-5291.7022095038155,-5441.359388162408
-9047.619702391192,-8866.825426968695,-8363.483331632104,-8056.870234229918,-9041.44316799474,-8873.747348448753,-8786.45497723023,-8767.81871457714,-8499.696043759055,-8657.664356854233
-5876.919611465463,-5973.481384356011,-5460.917251441459,-5448.922823007594,-6227.469459678859,-6308.77829628889,-5836.2650288664045,-6015.275122961008,-5747.459062494901,-5832.699289067151
-7968.997085176851,-7764.035130386239,-7401.43269382813,-7112.593607848918,-8155.400125286295,-8051.933569851845,-7593.979211983387,-7569.3970252599765,-7487.36829098836,-7646.418998057369
-6127.1743689642635,-6025.5060463886375,-5770.658820073601,-5412.326858491335,-6095.801387347332,-6169.133091383303,-5953.831647978409,-5751.637467863888,-5648.6213099910665,-5759.924006499345
-11258.012082911247,-11209.499426937817,-10468.843387802128,-10484.96540899512,-11054.275484249602,-11158.687055619659,-10974.229169382083,-10672.485427736141,-10653.55501045097,-10773.467399515388
-11205.73762605808,-10943.19177344036,-10530.11114343514,-10244.248169517767,-11231.823171927896,-11036.696488532065,-11084.297728416332,-11158.624912304243,-10713.856078050694,-10851.156447690755
-4694.628235085879,-4691.465623996011,-4357.878533872362,-4217.714341842872,-4820.512008544049,-4932.5634553509935,-4672.964872937453,-4657.690165319268,-4442.380973484697,-4506.851366027594
-6529.7684624315525,-6398.4250828993045,-6046.895761237393,-5816.840502448989,-6681.0642713072075,-6682.853785671863,-6393.377184277224,-6403.57890015382,-6195.573832936162,-6322.382120134721
-7676.364085082473,-7666.368986869213,-7256.744906852252,-7461.58722258617,-6773.256511307635,-7235.521813602467,-7477.409671428098,-7699.141538850873,-7579.7904285010845,-7467.751092843933
-8309.35002163971,-8194.480944674242,-8122.045369023226,-8320.36696776794,-7222.128346396961,-7508.67613341554,-7956.702136680141,-8038.61535302946,-8079.241333177001,-8091.152967580562
-9626.631607299887,-9504.234042912365,-9356.088936131173,-9451.736247959732,-8741.409791159698,-9036.865935818641,-9507.710277379116,-9696.296216147466,-9547.088279271355,-9437.14870111005
-5854.308090150487,-5858.378965004033,-5563.07030835021,-5635.219529396252,-5075.551177396445,-5363.175503734896,-5653.6283362415825,-5748.79070695085,-5626.916497370574,-5569.3596134420795
-6307.959346714164,-6297.977376035056,-6045.983568629279,-6134.492150265074,-5333.223665023241,-5685.9893972684185,-6077.371393187317,-6155.433608885496,-6183.310247001577,-5989.932952397131
-10188.154871136028,-10065.13770940261,-9915.34167147725,-9956.021143211201,-8594.677796195281,-9227.47453891031,-9741.630149641056,-9837.49247602282,-10055.964725795746,-9926.807957309162
-7397.161135744232,-7389.094919264218,-7156.025968751785,-7216.557375262314,-6494.05832572486,-7006.342504150664,-7202.528572804756,-7190.770523125861,-7161.839316470447,-7097.8596493639125
-6234.9223086083775,-6274.538218526805,-5941.204843417525,-6131.726407473599,-5514.181320163766,-5929.358576150624,-6061.435679415686,-6248.928175432588,-6085.33647387952,-6106.060420611132
-10150.733161531696,-10291.55848994914,-10285.528164734134,-10375.388560451946,-9373.10906152739,-9741.358326259768,-10199.804027475755,-10415.963114998794,-10377.38173215943,-10171.690338186601
-7578.2293154138715,-7757.107055711622,-7500.9191069473845,-7702.5101334319725,-6677.827118750411,-7410.701706405889,-7530.39818096375,-7608.292297007622,-7613.525487962183,-7445.504558662476
-10461.508594496689,-10684.337534994005,-10522.2145535259,-10660.982924218228,-9656.350685908568,-10228.39973506055,-10589.65758275681,-10815.084635919284,-10641.942666509665,-10468.671682630225
-9140.2311360488,-8961.187405730907,-8772.334757536497,-8872.689626671556,-7750.83992139108,-8141.955080939331,-8830.859006748067,-8729.767784651931,-8841.915859649565,-8702.135711345409
-11595.856117623624,-11460.603580662711,-11565.07240709903,-11519.477060518888,-10588.004176902276,-10862.327988149244,-11537.241642063273,-11722.170182647698,-11690.75891192216,-11529.452815106948
-8607.14915127462,-8520.867007858853,-8321.857628190777,-8512.249999275886,-7239.759491824778,-7755.775060146556,-8283.419463198992,-8273.393543858972,-8402.95103984264,-8355.949065051587
-8474.238665317751,-8544.350735540229,-8301.112961055018,-8590.347570360207,-7644.590493506886,-8111.2044156205975,-8337.700331917782,-8587.432434815937,-8467.531278642973,-8390.124737900858
-7627.378959934313,-7546.222711747224,-7357.6371265191965,-7501.5131319053435,-6542.12628298343,-7114.4528716464765,-7328.622676585399,-7384.1880102747255,-7401.176102111374,-7304.923614785496
-10798.254258160532,-10692.58854838001,-10667.576941658235,-10813.60262419275,-9798.410214771082,-10086.211566754559,-10690.729353213845,-10836.637256934173,-10762.219909515567,-10680.134836439685
-9450.866098019269,-9409.483812316445,-9352.768157699229,-9403.780865333843,-8565.537235534486,-8717.663110338939,-9392.121176218636,-9528.540671443752,-9333.764455783918,-9256.436090087063
-10257.815143450984,-10308.10991065435,-10188.605637878985,-10395.132262229341,-9520.473783623956,-9876.00699708372,-10318.71748248348,-10502.463909822629,-10389.235420650537,-10199.22203192563
-10210.814330360934,-10100.021444993536,-9946.861367499325,-10031.202384826962,-8734.3280773302,-9218.77467020551,-9855.93566864147,-9928.880220914778,-10020.585037769917,-9879.03161217936
-142304.48600860045,-142354.43438711046,-142248.20801663303,-143491.93981961146,-147679.17883980766,-145085.55402195003,-143792.08809440074,-144156.8054508589,-144619.77215439567,-143372.2579743446
-8864.501618031447,-8880.175837164317,-8544.802221422251,-8768.03492143541,-7856.207045033836,-8219.421860100156,-8650.764106828505,-8803.979077550868,-8738.988496804757,-8659.788099991034
-7207.275082872842,-7180.070584691569,-6939.466179464025,-6998.722200724828,-6236.027543072038,-6652.6726509054815,-6977.93578846635,-6950.659463868656,-6940.2308550062,-6895.027309592945
-5909.653505487504,-5904.43768966034,-5660.085442401304,-5744.12069130128,-5285.120966824078,-5497.963980395765,-5803.507647200397,-5939.923740375251,-5888.1347535673285,-5644.491273361422
-6931.254374974799,-6987.77532207188,-6782.597222269969,-6782.108937733646,-5946.880415475803,-6361.479998522437,-6826.319312040442,-6995.047233962093,-6945.375672815806,-6879.375942567044
-10030.360041798662,-10229.121601933688,-10208.143761612417,-10321.614401344046,-9327.01962466918,-9813.471729575043,-10250.037758664894,-10467.8111185213,-10387.779840008221,-10075.879204887668
-5683.694364616009,-5577.428855699076,-5342.718736550365,-5405.022593263342,-4841.942720992696,-5086.101600452893,-5486.482534023411,-5542.844920191597,-5528.8152444584275,-5318.195185103694
-8208.736450882685,-8160.497800171183,-7876.469955307004,-8086.1588808365495,-7338.897803204223,-7717.770640333518,-7872.772325728024,-8031.722921111757,-7889.292216196762,-7914.7612471901875
-7459.503488464187,-7481.575835048769,-7317.243257774313,-7479.43750473317,-6525.492572630983,-7110.327747104107,-7287.821601764652,-7394.083111305907,-7383.674907019663,-7271.831404608111
-10000.127588017926,-9894.885060260509,-9723.55694765369,-9808.835207740609,-9017.224644991402,-9370.78366455182,-9727.683338386354,-9826.73184845801,-9764.22646059637,-9731.578490249241
-11604.824889974287,-11666.180286874604,-11782.816227103609,-11871.458406106132,-11012.805324261772,-11358.548139243798,-11819.532723000932,-12054.488503798511,-11854.119290307777,-11604.319957517846
-6138.462709952785,-6103.066456542876,-5890.087340074014,-5968.276445405355,-5348.856065749559,-5661.6505013786455,-5982.813401554431,-6005.259000338082,-5978.026999059223,-5829.06527838611
-8046.391959707004,-8004.227063009635,-7608.693895876607,-7806.367222037555,-6959.436916746056,-7439.261938809394,-7722.56618876529,-7894.122230621443,-7786.637232044879,-7664.797543956721
-7269.892913496376,-7220.851867288869,-6961.045453582915,-7115.115039190774,-6882.836492665319,-6336.371743059102,-7166.940393388945,-7212.686067941474,-7036.023424035522,-7052.019202525911
-8032.647417943202,-7826.761498285527,-7771.134548562242,-7904.537428440316,-7267.237709409801,-6875.882636401129,-7806.690273448999,-7749.41069626286,-7787.045129827294,-7701.429446306493
-11251.139888904034,-11138.31804227853,-11085.763391059001,-11343.303503841813,-10983.131137491144,-10573.926662084612,-11353.459369355634,-11484.573399755736,-11307.679152362907,-11150.852365148783
-6204.338168779426,-6084.919134409271,-5864.432874881933,-6131.976692977205,-5813.710720806979,-5305.504056836959,-6060.593483650655,-6112.7266040580935,-5914.837350267202,-5898.4117855174
-6229.083865925736,-6231.229186323098,-5972.548228144486,-6258.118886491485,-5819.784499217228,-5408.770443591403,-6175.374423383516,-6254.484531411799,-6091.941026210459,-5967.1242285496155
-11454.560868091554,-11468.547317254512,-11435.026348195177,-11529.30332344363,-10964.180464623078,-9927.615141405679,-11486.766982615665,-11578.971861339543,-11485.659619607886,-11126.284981863178
-6765.035883045005,-6630.916417566662,-6580.724628795729,-6747.991011706243,-6480.211832786372,-5966.403293844517,-6657.28061706435,-6656.240470633196,-6475.176162133679,-6460.072879230241
-6137.61540392979,-6179.481595488677,-5906.126337865756,-6062.141668662665,-5945.521307085483,-5449.357954807436,-6067.796254299078,-6187.896013256988,-5933.7221598580045,-5963.677094744723
-11855.745477583883,-11860.91710729439,-12189.304036533005,-12259.39987060679,-11549.407461774961,-11182.919360264294,-12245.010291668623,-12083.425987393648,-12081.524125957381,-11933.478340945132
-7482.011150770117,-7487.144096193511,-7379.435111304808,-7614.342976093439,-7380.720380692837,-6803.345379059729,-7443.983282083402,-7495.323203790444,-7338.875961470646,-7452.687204705975
-11005.888873439779,-10942.910967615333,-10951.822610914207,-11068.216171627553,-10632.453211886568,-10039.710553808922,-11193.82881950314,-11263.082666114511,-10846.586324679194,-10809.901723053936
-9697.080046485346,-9636.84712841083,-9431.640826131126,-9523.266891494886,-8819.985771414253,-8253.475280756971,-9731.110828951198,-9543.078361088672,-9384.714027823002,-9094.967196489717
-11986.866512719296,-11844.110154772665,-11871.43340904582,-12054.512671119794,-11529.828259320242,-10797.416593099946,-12053.49837159315,-12217.552200481827,-11871.24840079133,-11813.73881645929
-9465.02802408934,-9327.568515524035,-9116.691221403453,-9240.047739128986,-8378.218093791957,-7946.3631959370305,-9309.763506209905,-9121.758960141891,-9067.46510516899,-8823.09845675251
-8252.06092474828,-8069.682326335104,-8016.902557386069,-8099.764347938346,-7945.439615753597,-7394.855806487934,-8196.053826471603,-8188.123878918632,-7992.864483996818,-7937.3704435221125
-7427.815714697099,-7344.458707927718,-7231.043822338151,-7431.739882316497,-7044.969924974848,-6580.318797653078,-7357.62417056873,-7341.879251446921,-7168.287500222781,-7140.004070317754
-10050.674671620649,-9834.07249485118,-9791.358123036734,-10017.589658269057,-9622.605107312731,-9116.54748854076,-10000.004227049882,-10120.659698348007,-9926.854256915218,-9839.06587555801
-9540.507490284306,-9397.813243842902,-9316.305988447444,-9439.799967693645,-8930.0731979093,-8523.682778703895,-9448.455240475587,-9484.639950414137,-9334.83707794009,-9263.712593179824
-10138.58687888169,-10011.873782197063,-10174.317188209276,-10181.718628591932,-9750.672403478962,-9299.109026804434,-10338.575206262669,-10394.427529460443,-10149.252419831404,-10050.43699476471
-11181.519850560344,-11098.2555560508,-10801.353070038818,-10962.480226555612,-10216.193817015188,-9700.149160107016,-10941.066149040536,-10891.630494265328,-10940.518876966438,-10446.743661571316
-7928.3656351501495,-7920.30004040086,-7878.664592196632,-7967.869820440952,-7640.732253399074,-7127.387260078221,-8003.674896108079,-8058.904547332902,-7930.759412331924,-7807.49063373825
-7512.221368318183,-7486.9770571110075,-7164.471037995643,-7369.552058569732,-7073.63597393179,-6496.31010122838,-7321.857645548469,-7354.066983639613,-7177.261048528875,-7113.252424558854
-7935.91417359194,-7791.240951460778,-7740.314298331463,-7864.82100865503,-7680.3164605465345,-7006.049518210121,-7774.740228447124,-7744.41148024447,-7657.782480643019,-7443.8613776275115
-5923.405463201621,-5945.097774550835,-5677.783075285771,-5887.74574243264,-5546.903399758114,-5081.152330017444,-5876.5538255740685,-5971.3106441408745,-5738.268129548353,-5682.386794747785
-6970.338864639835,-6956.715068762704,-6895.728962056741,-6957.724475908651,-6367.261910393228,-5849.291756600143,-6897.706249114615,-6956.096013669095,-6784.411710037441,-6756.695576430163
-9679.511598166991,-9657.597221326516,-9726.558583555963,-9904.694757231386,-9357.28292800351,-8799.038257658542,-9793.331841067793,-9963.317119137102,-9654.925651433992,-9465.755483489052
-5780.130538648483,-5699.5069226111655,-5553.284963927705,-5805.797453575237,-5409.397017528538,-4858.8782107276475,-5691.889332943104,-5705.306104353685,-5471.569990484176,-5505.651363814578
-8818.99276790344,-8812.711824473961,-8577.902545347857,-8800.59371114634,-8615.0215251176,-8202.321425261234,-8819.871024393538,-8793.953831941679,-8745.358502825275,-8656.991323889566
-7533.38222515705,-7529.923256906574,-7374.126882382052,-7492.494478786543,-6959.233805107804,-6612.772747070384,-7413.488882007045,-7444.353835261551,-7262.682339776238,-7234.407489785731
-10300.434450483885,-10167.257102042782,-10121.009359345016,-10288.255196279044,-9662.249620413017,-9245.411431670882,-10231.322319058068,-10319.372662850612,-10187.58683889004,-10057.864252638785
-10277.406496040578,-10132.811690356782,-10534.363178796788,-10583.012433014963,-10140.892416185425,-9736.40941138649,-10695.208001699713,-10560.730811618949,-10427.047240214606,-10421.492577932131
-5980.002698315577,-5814.805696014624,-5702.602249500609,-5838.323078967316,-5573.6017737607,-5157.622931353278,-5872.034945796546,-5817.602989822768,-5722.933963520115,-5711.22215979089
-7596.78654949131,-7476.608690794373,-7248.780632674326,-7331.872835600669,-7203.196874283086,-6572.944892335564,-7522.3519009416295,-7452.556549141333,-7141.291826689698,-7173.411941049829
-10657.39676119789,-10863.933265889713,-10300.564244477315,-10688.870795095807,-10793.989187647765,-11130.28142154019,-9421.738259914917,-9843.82585808415,-10422.378698941231,-10393.555637982761
-9391.411478509164,-9415.153374081374,-9137.704914699209,-9408.650768439918,-9379.010066288478,-9323.885693165108,-8054.991464627053,-8248.138230304417,-9210.185759497615,-9009.062521892878
-12628.042916183089,-12670.08561737372,-12263.444675702376,-12691.165647851545,-12620.938128190106,-12638.487973173456,-11555.58651496702,-11920.317947959573,-12210.501366368939,-12171.573254377165
-8436.955457815717,-8597.380674589296,-8075.1651982539925,-8322.446771874671,-8724.155408872213,-8562.015564061108,-7181.666391827836,-7527.4226031364615,-8237.344405188984,-8116.869758422296
-8496.63715497201,-8776.68211339549,-8453.72471702435,-8757.777517112414,-8951.99405922112,-8738.316573005952,-7173.915396719083,-7563.53990106531,-8518.240407422032,-8335.71372472833
-12601.540403441997,-12668.756307505231,-12060.058135664443,-12522.39125222046,-13223.406235253957,-12901.988428533832,-10897.627414955667,-11471.249461729945,-12130.65193957474,-12094.734602642724
-9486.714984569355,-9498.967462776656,-9084.047819613237,-9351.022909857093,-9494.547778127311,-9602.665139027122,-7936.557290701696,-8242.323933809746,-8901.458640393923,-9020.031205205381
-10426.74638747803,-10520.122349690575,-10183.389832725621,-10670.204488011053,-10626.077980777342,-10911.468384194313,-9271.755665094817,-9632.167046929902,-10285.722348911728,-10198.687206853767
-13028.414649200748,-12872.50754902252,-12925.32064080431,-13183.621122259621,-13055.300419384688,-13253.226547396536,-11509.648486981561,-11733.16932208999,-12783.573430911556,-12845.520172890068
-9208.432454542646,-9015.779362600284,-8729.921806332093,-9006.8824778508,-9233.525838929558,-9082.30035457623,-8091.794797340909,-8328.134471311268,-8660.434147675936,-8764.104820218872
-13334.396479166035,-13429.842728363677,-13015.62436501973,-13340.8067974494,-13257.914582574742,-13509.27806643332,-11802.246398773563,-12144.116965240759,-12755.818663694527,-12907.577935374133
-12229.798583674661,-12174.130557350727,-11887.557148558686,-12167.64234584377,-12541.185137884017,-12383.597239822015,-10584.90147534789,-10840.070405131437,-11723.36643038987,-11489.556348878019
-12579.375420226661,-12503.527841409315,-12364.702812723137,-12516.64511841504,-12411.499269740565,-12523.72908606491,-11657.845771404129,-11756.322000532988,-12208.12330434483,-12280.358544783641
-11740.747396858225,-11926.69155010033,-11154.191262483562,-11577.402478471455,-12085.114440770467,-11947.459590035705,-10007.474892772918,-10499.026338424537,-11355.245956703251,-11160.654757286327
-10264.397883972277,-10127.958556232232,-9960.622078799448,-10120.553262832938,-10010.852554619087,-9996.562114309034,-8880.010447539797,-9074.129320928552,-9667.293578869927,-9767.435310941075
-8259.41371253706,-8195.754976243301,-8078.286953586069,-8317.964957743074,-8374.99694245552,-8360.631617972944,-7169.549578128499,-7425.669519642447,-7927.941836413156,-8055.326482046165
-11043.401466309044,-10952.580984255634,-10901.836095081591,-11130.711061016433,-10948.462237592807,-10998.372585589917,-9927.977057551157,-10192.55660887371,-10683.004682019227,-10750.007947210484
-11576.874791833336,-11398.496443197224,-11325.417052826904,-11450.244196775071,-11456.455192412588,-11310.727059249262,-10167.8742057867,-10226.295798345267,-10953.396335286548,-11130.530503511536
-12188.392155996171,-12165.95700860011,-11687.336076368376,-11987.299921041673,-11934.338240785894,-12123.35315902298,-10774.46757814718,-10997.542736416042,-11550.523506254753,-11685.33261315974
-10963.038044134026,-11091.2230656728,-10617.212614501394,-10932.896117440963,-11356.49832090434,-11199.0425354838,-9504.140837284935,-9818.705377829123,-10683.320085918702,-10552.12384618991
-9419.179958198753,-9528.211913467761,-9123.53397865326,-9426.44235928109,-9432.997302372092,-9468.713312035685,-8245.790455287139,-8475.28415150808,-9286.11096796369,-9035.626277611871
-10471.20645103416,-10586.859873636131,-10187.347091313115,-10542.650091075197,-10452.734685915664,-10805.616241885935,-8996.905531159231,-9510.47230479772,-10164.921804247366,-10203.497248606365
-10850.848339057373,-10936.808122760778,-10483.030913321185,-10751.736078313997,-10772.536188253025,-11046.373498892217,-9647.362510224297,-9950.874513821625,-10464.749965760388,-10441.870445611174
-8716.526753582191,-8796.625872517314,-8488.848223530029,-8830.128075796738,-9086.78515654836,-8909.3996696926,-7482.885643683847,-7813.9527234253055,-8647.287104160907,-8559.783619400434
-9406.944612757226,-9571.476851140882,-9161.045615901852,-9311.077871363104,-9684.083513947133,-9535.95232259827,-8018.760636094319,-8334.922928285036,-9283.358707347814,-9013.497228319202
-14276.924574753744,-14134.187893279757,-13848.229745513916,-14192.642813430659,-14253.211032523006,-14512.407892822874,-12623.544584163265,-12929.695075131465,-13584.980407411449,-13772.414113412642
-8543.027491919658,-8852.919864866855,-8440.176716909738,-8691.552328658598,-8846.362566570668,-8754.791272945398,-7242.12963951507,-7635.193096548271,-8393.663379097934,-8227.974863495401
-10016.043250192308,-9851.730453699873,-9682.585851043348,-9839.622125591251,-9605.833722435438,-9783.682545679952,-8584.302375558833,-8679.983534887042,-9440.181216259754,-9421.517265300143
-9382.844646096873,-9268.577951057589,-9219.309939578305,-9456.513688406647,-9529.715972976599,-9447.229184467611,-8117.269687341449,-8434.99042793909,-9066.23307375286,-9203.547718973323
-10742.89892279649,-10727.482879608671,-10454.100029056022,-10653.948250600988,-10753.894585576409,-10700.582055795,-9630.683561445454,-9901.31210513562,-10260.923117398042,-10374.32544088871
-14442.353874747281,-14503.394678886974,-14398.90969404077,-14516.438648040801,-14475.270511189614,-14469.858326598795,-13347.821556842207,-13576.940535400065,-13903.905528847761,-14178.510374126497
-8203.79989353156,-8371.1593022019,-8007.516275346789,-8259.445758850865,-8490.54391849562,-8418.991434309819,-6833.550628348613,-7160.456813475389,-8015.620369895234,-7898.469837819116
-10970.9063678511,-11090.255501915528,-10575.054949971956,-10949.63245028167,-11029.825934795896,-11325.659696930303,-9519.202905865292,-10027.939650923046,-10685.987021462048,-10570.482004748856
-9982.268611495701,-9656.546554719154,-9670.17282196173,-9634.19211202057,-9912.25326925878,-10124.5417013504,-8553.201435384613,-8452.761166749371,-9311.008248105687,-9337.14568871517
-8541.359225408094,-8396.904465475134,-8547.46160975678,-8461.59214215387,-8561.455249155644,-8453.860938101228,-7605.000655108149,-7460.047306136201,-8250.255608516065,-8084.330238045312
-10470.936483985788,-10244.633904791712,-10061.304821672242,-9991.5117485087,-10509.416623487334,-10326.671584739892,-10027.330407157915,-9742.277748729568,-9890.221813236389,-9994.585048779185
-7352.829324299668,-7129.136044681463,-7110.385855803573,-7117.887712189474,-7472.7583549641595,-7303.131050787311,-6091.795772688801,-6015.865126448405,-6791.146070450151,-6809.440301090002
-6152.997718232879,-6061.038125751267,-6101.67288149392,-5976.108729368058,-6281.852095049415,-6145.180042489554,-5421.864719278432,-5379.86496245584,-5978.847929694729,-5984.925611127251
-11009.245549450117,-10622.32439970576,-10592.010521531634,-10383.69024339232,-10870.466047080068,-10795.046705629287,-9575.063528835508,-9331.743154892514,-10176.68789195412,-10238.731414526494
-9310.33892863523,-8996.26083582232,-8997.910543088135,-8840.58910694002,-9144.983784571928,-9287.413362071922,-7800.554527054989,-7573.509570560702,-8511.17560324721,-8666.001464175792
-10172.644328828172,-9881.261724240157,-9829.973203465406,-9749.685113042367,-10030.878435056859,-10408.963061883544,-8872.060631642125,-8788.242142159383,-9547.41677577938,-9677.637070862263
-14168.581284863589,-14011.03217112303,-13791.897754352918,-13739.336882264466,-14081.950824836815,-14126.218812652165,-13060.92483691628,-12975.567239698321,-13510.570121705083,-13649.921608429557
-7673.029055951024,-7462.035519639273,-7405.204445018065,-7113.853574152136,-7508.854448873329,-7618.066535863442,-6927.107118764662,-6544.0461470084965,-6961.78413406618,-7177.034704299421
-10851.124108861073,-10615.73695452023,-10759.915090887172,-10731.37659362691,-11018.478138353215,-10894.153903280896,-9532.926234892682,-9462.951799173174,-10265.69878787593,-10406.192466725939
-11182.819921147651,-10688.344565469704,-10902.929542142414,-10911.468234384205,-11292.406133011122,-10839.540633399361,-9778.33645147563,-9359.3075300385,-10335.13216210019,-10332.46232877581
-12443.326042335411,-12164.15641380897,-12062.86875813352,-11815.733430270988,-12130.428167323002,-12403.792950196996,-11714.879875667317,-11270.174043031466,-11816.05120053393,-11975.31144157042
-9571.21959105966,-9190.024899481952,-9043.664934697947,-8912.092247066257,-9227.501291079454,-9242.369254524869,-8150.3127839365725,-7940.812188170601,-8643.573243266472,-8755.487425320009
-10053.894648231098,-9815.838314187484,-9698.344284031413,-9512.299294018185,-9762.40366959469,-9731.987788792512,-8977.77619428058,-8794.76575547465,-9439.17471645794,-9475.620449145576
-8595.975089115816,-8337.211730689822,-8328.592661636743,-8128.706255987815,-8411.739297796272,-8545.449008644584,-7741.454936432982,-7372.935782897154,-7780.594371156884,-8057.48812467127
-10774.142313674321,-10529.411724007621,-10447.830942976263,-10394.683879427714,-10831.270557221435,-10794.956288982843,-10004.104568063949,-9791.129675263523,-10083.276649130748,-10326.84469308539
-11684.603789343924,-11311.294021205882,-11287.045309854635,-11178.683946245408,-11498.387754269024,-11415.6134166771,-10853.73646512333,-10539.123572892433,-11021.616979574323,-11216.043970471523
-12830.724286897273,-12579.52702009712,-12481.84958433812,-12494.430459555368,-12593.66501125124,-12581.69829091064,-11560.892372314795,-11514.235087078252,-12078.707559064243,-12197.637861676569
-10207.124972844163,-9809.027907247886,-9780.39713499069,-9728.248133711577,-9958.120458442081,-9946.308287984742,-8793.174927093307,-8566.039323643387,-9445.353064015599,-9416.520092388251
-7872.866997627009,-7701.751523547778,-7767.064734191601,-7700.401236741596,-7976.518333299666,-7927.559273484127,-6922.390608136997,-6798.580611221499,-7589.213125810902,-7391.248486813017
-11573.286447687313,-11305.959213614165,-11136.592307068751,-11284.27388531121,-11741.375947675573,-11523.315591130395,-10127.033796291696,-9986.439682901942,-10833.910011553131,-10898.695964577279
-10795.29539178132,-10616.068585389712,-10353.790145701221,-10214.707493066471,-10596.353035720555,-10562.761721412779,-9536.359677848426,-9368.4443134933,-10107.01236201724,-10116.062820618954
-8676.81986101209,-8668.168663819595,-8600.03875225105,-8606.469901078886,-8935.993449379723,-8844.827149686753,-7595.446498577076,-7557.080923698289,-8229.899649899808,-8230.643115097224
-8800.84498731324,-8657.878329933632,-8543.116058953214,-8304.415623448698,-8692.570903729991,-8731.834440537608,-7388.132422879291,-7299.165632381565,-8408.094303595559,-8273.665317533458
-10409.014755169472,-10209.58831853087,-10115.31014203434,-10143.679018354007,-10437.366525512407,-10445.804363629835,-9047.975174973082,-8956.571791144452,-9634.687263224681,-9812.350693304186
-7980.686736176927,-7889.110157553234,-7781.328583462237,-7839.580289161946,-8196.441471314507,-8049.261420971815,-6603.03915681665,-6649.786402700939,-7530.853454957716,-7576.087882900066
-10093.214854640943,-9897.214933332489,-9714.422621591166,-9701.777007173094,-9996.88570554543,-9936.279082294535,-8823.38451917379,-8690.334641451582,-9343.70405132771,-9428.787533435796
-9154.45974346435,-8929.931837376766,-9012.655987981178,-8695.777566244733,-8978.756380272705,-9217.489815524534,-8270.275827298397,-7848.904793123735,-8391.944831345185,-8677.17111131784
-10019.187648748863,-9907.328904571174,-9718.559829829817,-9535.893515451717,-10096.063141429679,-10025.668379593324,-9410.703847781228,-9248.066203355434,-9478.683818527677,-9648.65206122896
-14129.122146006946,-13681.865139586136,-13825.347774969541,-13660.417965692586,-13901.38526617114,-13975.660997493558,-12919.71780446807,-12914.847578030356,-13350.70347714956,-13551.378658345291
-7640.090879218859,-7469.191899249765,-7470.526954286328,-7552.425846281703,-7842.489093913344,-7585.262559053581,-6373.742248855396,-6434.574729062215,-7257.334527392931,-7226.504543933977
-10874.628841027674,-10403.574897150182,-10422.673151274827,-10210.967386217199,-10632.154305195512,-10865.351605152528,-9385.380547182061,-9204.996085871826,-10063.335960018716,-10169.326373974667
-15143.399703437337,-14959.592571751418,-14670.585221556488,-14887.37285882307,-15593.729389463111,-15306.471859399571,-14926.746919492272,-14970.116300827569,-13805.271256651577,-14103.408008390119
-10103.872290947014,-9787.118525783466,-9965.871132345446,-9761.07987058817,-10180.176463677839,-10003.4659691963,-10010.580386495049,-9930.750766367772,-9256.62163131426,-9404.141280871363
-14088.796551829404,-13958.308745620712,-13439.221395201706,-13727.001007185623,-14048.450820991071,-13866.909086974078,-13698.44557780628,-13737.442060943105,-12944.119157845696,-13083.274668010428
-9778.319431537762,-9637.89747791189,-9457.069729994593,-9351.996358945826,-10019.099962556584,-9697.760444703581,-9579.075893433795,-9493.168973796015,-8435.192894979267,-8786.081185477176
-9355.583486080208,-9284.486169704176,-9158.983877610148,-9121.229979150532,-9719.396845891719,-9526.983053335814,-9278.020715157008,-9287.308330843314,-8188.281843287364,-8495.756781410251
-12830.147986462616,-12670.635309687199,-12297.467291437508,-12097.063460141937,-13109.059725054754,-13015.105473210971,-12449.702654161261,-12442.395362007011,-11293.876340541088,-11696.457809471869
-10479.738228912254,-10277.940989336272,-10070.394674612517,-10036.038732045154,-10765.556194787072,-10477.809415012953,-10060.82003861358,-9993.755902551131,-9071.86860273198,-9419.48519783593
-11037.576338598763,-10854.95797993187,-10680.575499265355,-10736.675812141575,-11287.063272774336,-11275.250941687895,-10808.088289968478,-10857.720634487292,-9889.188274673344,-10157.182070614164
-16175.221989680278,-16347.689156843388,-15998.154223122872,-15909.74515109137,-16851.728177686902,-16224.929695928065,-16207.703864598721,-16223.142583761864,-15190.082037951162,-15401.219526749346
-10595.446006470926,-10475.558093248896,-10293.537738108054,-10133.963674782883,-10667.37586620853,-10797.030421061956,-10515.463618028223,-10279.340616145448,-9537.283950805853,-9870.455416229237
-14686.94942434161,-14622.856616030791,-14389.497715660456,-14198.086183781737,-15249.798138515054,-14600.828762789057,-14427.584227070301,-14205.90787593066,-13236.833843534896,-13554.734784759205
-11821.375678401993,-11728.295698963942,-11525.88242661392,-11408.947058807527,-12122.549248277399,-11832.156218236532,-11692.36545496691,-11477.835229184155,-10360.285647264931,-10818.683015058534
-14333.4270298974,-14254.321505596346,-13879.410414786336,-13597.767384739464,-14393.44441172647,-14214.919878839199,-13940.216809364712,-13568.483979207145,-12914.00381327782,-13166.198219414859
-10862.737653901151,-10559.900807007176,-10199.602122617292,-10142.268552259013,-11039.552707772717,-10875.524047888031,-10313.79854470952,-10345.93607705372,-9322.259697405047,-9620.387438760297
-12266.734776562022,-12094.00117662107,-11842.624784632617,-11897.004756696884,-12482.438184141165,-12254.204019798824,-11953.873817916145,-12067.957917064568,-11338.096418616453,-11513.180258138653
-11162.943140608886,-11022.971585125406,-10939.75871340411,-10674.921159354288,-11270.641382784883,-11347.026254985863,-11082.476128152019,-10824.585054192134,-9991.729561055907,-10310.829975364406
-13633.589609220619,-13399.2077233794,-13078.087703672696,-12982.57704220926,-13492.831807827073,-13436.610370637485,-13278.667935749203,-13043.29467104022,-12268.899520202529,-12584.623782779126
-13304.070046251256,-13308.871922287133,-12766.733886199498,-12687.439484523675,-13201.299290226509,-13118.44862220949,-13007.382329351876,-12770.095548713294,-12061.560090893276,-12265.895465907948
-14635.345544976815,-14452.86072826824,-14185.910688496477,-14149.852189178322,-14718.221266904395,-14279.985606396216,-14240.290919611954,-14331.564881867975,-13082.509071860295,-13486.68868163441
-12506.4773127299,-12325.39860704144,-12041.238042335966,-11953.999371362961,-12784.728413054418,-12701.243069710621,-12211.269908731512,-12147.904744782645,-10996.569041338356,-11351.58481943116
-10382.339695172392,-10252.12295932305,-9982.170075648317,-9926.251611722437,-10588.7177443649,-10248.60565606989,-9920.157044446778,-9947.729477628814,-9115.285811067852,-9324.256287699818
-13811.467850521627,-13615.54151908614,-13467.96164427889,-13454.6643632426,-14020.454231714124,-13888.169085925783,-13674.066715172108,-13572.280539731388,-12383.278616566344,-12678.792554269965
-11109.49506638158,-10852.226801175202,-10686.313371957753,-10481.851665968246,-11298.485930933291,-10907.711334898393,-10622.069940212516,-10422.737717273192,-9496.095786606858,-9830.173960830694
-9512.627084847956,-9306.715197693653,-9169.939484639317,-9158.087320045395,-9898.988028524755,-9491.595047451105,-9369.427756036157,-9333.649982166238,-8448.494187124961,-8766.05141805769
-11403.565030834956,-11432.226557258775,-11081.185084887356,-10975.440164160313,-11860.808807695246,-11389.023731899359,-11378.181669989493,-11344.220500902198,-9995.016222342258,-10321.63626651405
-15687.786980633844,-15653.074759972078,-15465.601594613416,-15406.26384034176,-16051.560295788844,-15787.087719254134,-15502.437987786,-15588.241210285521,-14438.57053428052,-14796.451130009575
-8881.13207984686,-8775.998877072672,-8677.360933633909,-8597.43246950647,-9072.625535473415,-8928.30187204505,-8734.064234073569,-8709.552664148818,-7883.393798776761,-8060.76840568948
-12966.269706283596,-12729.421364594138,-12410.986053910734,-12383.143067849809,-13107.910109719893,-12796.848404052995,-12471.417548390466,-12470.819911862745,-11556.083534829622,-11840.561250644783
-11098.886041853215,-11033.855515242096,-11019.719102025312,-10825.971645011914,-11220.997691196606,-11375.933655911524,-11080.888586971587,-10840.081458811532,-10003.690858439722,-10362.815385177013
-11924.298526475119,-11856.42049632792,-11769.705393191958,-11791.074956023409,-12058.737572834722,-11932.900986320288,-11770.902771756064,-11625.642121237504,-10930.085311798324,-11200.958644943144
-14539.483849295904,-14477.976332681217,-14637.11375869671,-14472.203848726636,-15352.286088549325,-14716.227220091492,-14732.485957414545,-14498.692161046687,-13559.37369534006,-13955.698064500193
-9201.980132225137,-9070.002957562627,-8810.889357211723,-8832.994796718758,-9544.955860175241,-9357.42723368305,-8977.301712115874,-9019.435880218985,-8195.123209082807,-8545.893897639122
-13393.35980466149,-13085.10678645415,-12937.791546946528,-12981.75855088931,-13692.495966623239,-13526.99890269895,-13221.225405227879,-13164.016563027144,-11904.982478237742,-12266.128536634107
-14150.549606237202,-14181.264904301952,-13526.771243501127,-13553.04468229386,-14265.890840011132,-14222.082755437728,-13870.513799184286,-13795.089829054008,-12809.755025928627,-12821.10640581662
-12621.932270211768,-12351.946831120691,-12420.00298526136,-12425.974293273244,-12511.969003013792,-12093.995428000404,-12373.750987604915,-12326.409222858641,-11774.903753632232,-11230.653185669475
-13546.363589778111,-13646.29603305647,-13406.095303387416,-13722.695019655986,-13714.212346437293,-13385.602244926476,-13499.827482766626,-13524.6635572662,-13222.603487290944,-12951.864978525335
-9866.756830717031,-9949.834190980666,-9623.404198970171,-9586.703216410835,-9884.870061720872,-9701.363653709423,-9856.652434146996,-9650.571473180506,-9179.063462145612,-8912.0619909977
-10933.703637373552,-11059.17907107817,-10856.342406711832,-10948.242902191976,-11348.235031432356,-10962.106958482003,-10935.361030652552,-10981.588472726033,-10390.947032148786,-10126.456993528347
-14314.316943047445,-14505.413068762033,-13762.606453242588,-13876.273466376386,-14861.28541551583,-14489.482749253513,-13937.262878289413,-14077.68237024285,-13088.813642160005,-12398.85129535007
-11987.68442504398,-11938.783235876595,-11640.0750628561,-11931.877181282814,-12403.731945212521,-11908.256068540015,-11583.514410589012,-11689.657521141087,-10904.151818224402,-10349.722669553437
-13322.884605414198,-13377.153577468433,-12943.619505190723,-13074.863614024829,-13560.23784661764,-13499.362214303286,-13151.365050753033,-13153.402827051712,-12458.651704554995,-12242.466669903195
-17091.753089121168,-16903.216669216934,-16666.182463243364,-16718.036537898566,-16833.204543438897,-16565.01134412015,-16632.79869409901,-16529.971814242293,-16137.640556030567,-15613.50783112393
-12214.299350789897,-12271.178951533531,-11912.517665330934,-12337.938751334912,-12275.763680798695,-11887.982574463502,-12098.978534047048,-12150.832155502609,-11656.001303023957,-11100.204269019352
-15616.498514578687,-15572.921007635085,-15079.848543314369,-15284.702688436402,-15718.032711987098,-15066.933575010491,-15250.082734279798,-15413.646358807535,-14410.931333427894,-14091.322731055161
-14288.368072470877,-14338.531539403713,-13885.221273090727,-13993.552008578456,-14740.63899687043,-14345.345854187086,-14076.113747054644,-14046.209994668907,-13079.501378135492,-12746.170044546065
-14279.280555539844,-14266.576261213295,-13931.172077517636,-14162.31573557298,-14093.534036063807,-13619.316966364768,-13798.59987269648,-13664.384154333384,-13531.10023749538,-12939.904322385803
-13947.191801891582,-14100.705923098332,-13263.374676087898,-13467.101679704307,-14421.905600653059,-14176.974816414417,-13516.571441301834,-13610.667685880311,-12887.955664007119,-12149.814607489854
-11627.330866923905,-11624.291912866138,-11297.231072586095,-11403.721337086896,-11775.031889308848,-11496.751443763087,-11367.273290034014,-11346.643703677106,-10937.288429541502,-10393.242870115406
-11922.347912552108,-11781.737705888283,-11682.986081073834,-12104.998308214816,-12092.899638705487,-11592.732113646702,-11875.215037402304,-11853.956557816384,-11256.783615138724,-10778.268963705816
-13284.301246642823,-13141.45389616997,-12959.436901320723,-13146.807788862216,-13307.136502461472,-12923.855332345105,-12931.849018709609,-12921.406214428254,-12412.883091115727,-11950.995448813419
-13314.617698608505,-13023.611409438641,-12842.364038291513,-13117.505442067179,-13319.268106278067,-12841.224572900253,-12719.597113485283,-12766.2091440384,-12267.460298892425,-11733.002704720762
-16561.256596681957,-16578.806013883146,-16157.823123771053,-16250.202204729425,-16732.564297732493,-16278.840611721726,-16253.523294763612,-16423.952694928947,-15374.972999796319,-14963.861142906635
-13965.069675827493,-13976.330455930924,-13535.85912734355,-13769.516374795572,-14521.058276957772,-14185.410654660178,-13652.16006415311,-13845.054349814522,-12688.748721290827,-12138.112265900842
-10897.764393043994,-10796.455140293838,-10467.328494225596,-10445.47270573376,-10948.078931736052,-10821.733740356152,-10668.439884767464,-10717.112498892448,-9930.608526266333,-9704.284756331834
-15689.769125204817,-15391.181289085569,-15085.562588804294,-15224.954209598944,-15820.96401689043,-15637.734985532034,-15173.770040218136,-15279.69289303277,-14352.036630537348,-14179.97107053751
-11160.997149259196,-11262.097603302971,-10871.55876098798,-11086.203330553126,-11685.768155696236,-11170.308965072105,-10959.767277418223,-10937.365184505401,-10351.792215497553,-9716.91277832279
-10007.029407472246,-10066.997707044266,-9689.944241523788,-9704.45547616659,-10412.788638602791,-10046.240286895363,-9929.68045541103,-9819.932908844337,-9157.137295773351,-8915.645812399473
-11401.397745406784,-11667.06947086015,-11118.352852086071,-11050.99926704414,-11474.537338752962,-11137.493622725471,-11235.494778436934,-11213.598245454017,-10205.056013968659,-10022.186437288516
-16102.321056038947,-16060.68002283315,-15691.047425944882,-15812.53648365067,-16193.223414766795,-15905.364280269621,-15673.167694592781,-15799.748171361622,-14833.499822057498,-14303.880293482936
-10574.02441509132,-10726.289937907875,-10259.34130657161,-10311.033308393236,-10976.87403685377,-10546.801021092506,-10490.246049177602,-10418.147284983943,-9756.955145939799,-9504.237983632633
-14785.725109692403,-14609.489048260042,-14408.286091022554,-14641.773142599966,-15040.590165150354,-14694.13423408741,-14496.907973944624,-14684.012257445629,-13911.142331087138,-13255.514065161942
-12090.764380398088,-12004.4185970978,-11775.80783753596,-12274.017754938648,-12216.69956053468,-11693.611923230115,-12004.037040902325,-11953.114809694103,-11459.93309722125,-10946.445951905538
-12831.324350863808,-12769.802007484777,-12552.095395249578,-12924.221707096956,-13129.80930933405,-12632.098634127293,-12515.802333826145,-12594.8150521055,-12179.019007706283,-11766.982946938275
-15590.56214033899,-15448.737985962302,-15460.462099543705,-15567.002715783223,-15806.634189063703,-15267.370044939076,-15432.377331818027,-15436.915082325422,-14755.53417821576,-14415.786161947659
-9809.774096665844,-9858.358618496639,-9535.048433853592,-9650.72865247501,-10026.646620119513,-9730.27665677423,-9688.306919545803,-9561.371524388574,-8995.028929163382,-8774.05508865255
-13660.449622842747,-13450.247662016589,-13304.350974638515,-13482.547074286402,-14047.654103472614,-13694.70092088172,-13498.795753357424,-13330.377267176342,-12535.647152242629,-12409.274636576005
